-- phpMyAdmin SQL Dump
-- version 4.8.5
-- https://www.phpmyadmin.net/
--
-- Host: localhost:8889
-- Generation Time: Jul 19, 2019 at 11:55 AM
-- Server version: 5.7.25
-- PHP Version: 7.3.1

SET SQL_MODE = "NO_AUTO_VALUE_ON_ZERO";
SET time_zone = "+00:00";

--
-- Database: `poolite`
--
CREATE DATABASE IF NOT EXISTS `poolite` DEFAULT CHARACTER SET utf8 COLLATE utf8_general_ci;
USE `poolite`;

-- --------------------------------------------------------

--
-- Table structure for table `all_game_configurations`
--

CREATE TABLE `all_game_configurations` (
  `All_Config_Id` bigint(20) UNSIGNED NOT NULL,
  `Game_Type` varchar(11) COLLATE utf8mb4_unicode_ci NOT NULL,
  `Status` int(11) NOT NULL,
  `created_at` timestamp NULL DEFAULT NULL,
  `updated_at` timestamp NULL DEFAULT NULL
) ENGINE=InnoDB DEFAULT CHARSET=utf8mb4 COLLATE=utf8mb4_unicode_ci;

--
-- Dumping data for table `all_game_configurations`
--

INSERT INTO `all_game_configurations` (`All_Config_Id`, `Game_Type`, `Status`, `created_at`, `updated_at`) VALUES
(1, 'Week', 1, NULL, NULL),
(2, 'MidWeek', 1, NULL, NULL);

-- --------------------------------------------------------

--
-- Table structure for table `branches`
--

CREATE TABLE `branches` (
  `Branch_Id` bigint(20) UNSIGNED NOT NULL,
  `Branch_Name` varchar(255) COLLATE utf8mb4_unicode_ci NOT NULL,
  `Branch_Code` varchar(255) COLLATE utf8mb4_unicode_ci NOT NULL,
  `Branch_Status` varchar(255) COLLATE utf8mb4_unicode_ci NOT NULL DEFAULT 'Active',
  `Branch_Address` varchar(255) COLLATE utf8mb4_unicode_ci NOT NULL,
  `Branch_Manager` int(11) DEFAULT NULL,
  `created_at` timestamp NULL DEFAULT NULL,
  `updated_at` timestamp NULL DEFAULT NULL
) ENGINE=InnoDB DEFAULT CHARSET=utf8mb4 COLLATE=utf8mb4_unicode_ci;

--
-- Dumping data for table `branches`
--

INSERT INTO `branches` (`Branch_Id`, `Branch_Name`, `Branch_Code`, `Branch_Status`, `Branch_Address`, `Branch_Manager`, `created_at`, `updated_at`) VALUES
(1, 'Lagos', 'Lag001', 'Active', 'Yaba', 5, '2019-07-02 22:41:03', '2019-07-17 13:10:31'),
(5, 'Ibadan', 'Ib002', 'Active', 'Oke agbe', 3, '2019-07-09 20:04:59', '2019-07-09 20:25:55'),
(6, 'Ogun', 'ogun0001', 'Active', 'Ogun', 13, '2019-07-12 20:32:50', '2019-07-17 02:00:33'),
(8, 'IMO', 'IMO', 'Active', 'IMO state Nigeria', 11, '2019-07-16 23:56:39', '2019-07-17 01:40:58');

-- --------------------------------------------------------

--
-- Table structure for table `game_configurations`
--

CREATE TABLE `game_configurations` (
  `Config_Id` bigint(20) UNSIGNED NOT NULL,
  `Game` int(11) NOT NULL,
  `Branch` int(11) NOT NULL,
  `Status` int(11) NOT NULL,
  `Game_Type` varchar(255) COLLATE utf8mb4_unicode_ci NOT NULL,
  `created_at` timestamp NULL DEFAULT NULL,
  `updated_at` timestamp NULL DEFAULT NULL
) ENGINE=InnoDB DEFAULT CHARSET=utf8mb4 COLLATE=utf8mb4_unicode_ci;

--
-- Dumping data for table `game_configurations`
--

INSERT INTO `game_configurations` (`Config_Id`, `Game`, `Branch`, `Status`, `Game_Type`, `created_at`, `updated_at`) VALUES
(1, 2, 1, 1, 'MidWeek', '2019-07-03 21:24:32', '2019-07-03 21:24:32'),
(2, 1, 1, 1, 'Week', '2019-07-03 21:26:58', '2019-07-03 21:26:58'),
(3, 4, 1, 1, 'Week', '2019-07-03 21:32:20', '2019-07-03 21:32:20'),
(4, 12, 1, 1, 'MidWeek', NULL, NULL),
(5, 5, 1, 1, 'MidWeek', NULL, NULL),
(6, 6, 1, 1, 'MidWeek', NULL, NULL),
(7, 14, 1, 1, 'MidWeek', NULL, NULL),
(8, 3, 1, 1, 'MidWeek', NULL, NULL),
(9, 2, 5, 1, 'MidWeek', NULL, NULL),
(10, 3, 5, 1, 'MidWeek', NULL, NULL),
(11, 4, 5, 1, 'MidWeek', NULL, NULL),
(12, 2, 2, 1, 'MidWeek', NULL, NULL),
(13, 1, 5, 1, 'MidWeek', NULL, NULL),
(14, 6, 5, 1, 'MidWeek', NULL, NULL),
(15, 8, 6, 1, 'MidWeek', NULL, NULL),
(16, 2, 6, 1, 'MidWeek', NULL, NULL),
(17, 1, 6, 1, 'MidWeek', NULL, NULL),
(18, 4, 6, 1, 'MidWeek', NULL, NULL);

-- --------------------------------------------------------

--
-- Table structure for table `government_transactions`
--

CREATE TABLE `government_transactions` (
  `Transaction_Id` bigint(20) UNSIGNED NOT NULL,
  `Terminal_Id` varchar(255) COLLATE utf8mb4_unicode_ci DEFAULT NULL,
  `User_Id` varchar(255) COLLATE utf8mb4_unicode_ci DEFAULT NULL,
  `Branch_Id` varchar(255) COLLATE utf8mb4_unicode_ci DEFAULT NULL,
  `Game_Type` varchar(255) COLLATE utf8mb4_unicode_ci DEFAULT NULL,
  `Nos_Played` varchar(255) COLLATE utf8mb4_unicode_ci DEFAULT NULL,
  `Amount` varchar(255) COLLATE utf8mb4_unicode_ci DEFAULT NULL,
  `Coupon` varchar(255) COLLATE utf8mb4_unicode_ci DEFAULT NULL,
  `No_Of_Line` varchar(255) COLLATE utf8mb4_unicode_ci DEFAULT NULL,
  `Amount_Per_Line` varchar(255) COLLATE utf8mb4_unicode_ci DEFAULT NULL,
  `Column_No` varchar(255) COLLATE utf8mb4_unicode_ci DEFAULT NULL,
  `Grp_No` varchar(255) COLLATE utf8mb4_unicode_ci DEFAULT NULL,
  `Group_Type` varchar(255) COLLATE utf8mb4_unicode_ci DEFAULT NULL,
  `Branch_Code` varchar(255) COLLATE utf8mb4_unicode_ci DEFAULT NULL,
  `Category` varchar(255) COLLATE utf8mb4_unicode_ci DEFAULT NULL,
  `Week` varchar(255) COLLATE utf8mb4_unicode_ci DEFAULT NULL,
  `POS_Id` varchar(255) COLLATE utf8mb4_unicode_ci DEFAULT NULL,
  `created_at` timestamp NULL DEFAULT NULL,
  `updated_at` timestamp NULL DEFAULT NULL
) ENGINE=InnoDB DEFAULT CHARSET=utf8mb4 COLLATE=utf8mb4_unicode_ci;

--
-- Dumping data for table `government_transactions`
--

INSERT INTO `government_transactions` (`Transaction_Id`, `Terminal_Id`, `User_Id`, `Branch_Id`, `Game_Type`, `Nos_Played`, `Amount`, `Coupon`, `No_Of_Line`, `Amount_Per_Line`, `Column_No`, `Grp_No`, `Group_Type`, `Branch_Code`, `Category`, `Week`, `POS_Id`, `created_at`, `updated_at`) VALUES
(1, '6800012744', '0001', '1', 'NAP3', '01 02 03', '5000', '321562968463226NAP5d29018f379ce', '0', '0', '0', '0', '0', 'Lag001', '40_1', '02', '0', '2019-07-12 20:54:23', '2019-07-12 20:54:23'),
(2, '6800012744', '0001', '1', 'GRP', '01 02 03#10 20 30#', '200', '351563120254149Perm5d2b527e24708', '6', '33.333333333333336', '0', '0', '0', 'Lag001', '40_1', NULL, '0', '2019-07-14 15:04:14', '2019-07-14 15:04:14'),
(3, '6800012744', '0001', '1', 'GRP', '01 02 03#10 20 30#', '200', '361563120569620Perm5d2b53b997877', '6', '33.333333333333336', '0', '0', '0', 'Lag001', '50_1', NULL, '0', '2019-07-14 15:09:29', '2019-07-14 15:09:29'),
(4, '6800012744', '0001', '1', 'GRP', '01 02 03#10 20 30#', '200', '371563120613824Perm5d2b53e5c9619', '6', '33.333333333333336', '0', '0', '0', 'Lag001', 'MidWkFri', NULL, '0', '2019-07-14 15:10:13', '2019-07-14 15:10:13'),
(5, '6800012744', '0001', '1', 'GRP', '01 02 03#10 20 30#', '100000', '381563123746771Perm5d2b6022bc840', '6', '16666.666666666668', '0', '0', '0', 'Lag001', 'MidWkFri', NULL, '0', '2019-07-14 16:02:26', '2019-07-14 16:02:26'),
(6, '6800012744', '0002', '1', 'NAP3', '11 12 13', '5000000', '391563289469818NAP5d2de77dd523c', '0', '0', '0', '0', '0', 'Lag001', '40_1', '02', '0', '2019-07-16 14:04:30', '2019-07-16 14:04:30'),
(7, '6800012744', '0001', '1', 'PERM3', '01 02 03 04 05', '6000', '401563294833727Perm5d2dfc71d4b82', '10', '600', '0', '0', '0', 'Lag001', '40_1', NULL, '0', '2019-07-16 15:33:54', '2019-07-16 15:33:54'),
(8, '6800012744', '0001', '1', 'PERM3', '01 02 03 04 05', '6000', '411563294970782Perm5d2dfcfabf782', '10', '600', '0', '0', '0', 'Lag001', '40_1', NULL, '0', '2019-07-16 15:36:10', '2019-07-16 15:36:10'),
(9, '6800012744', '0001', '1', 'GRP', '01 02 03#10 20 30#', '200', '421563296963097', '0.5', '400', '0', '0', '0', 'Lag001', '40_1', NULL, '0', '2019-07-16 16:09:23', '2019-07-16 16:09:23'),
(10, '6800012744', '0001', '1', 'GRP', '01 02 03#10 20 30#', '200', '431563297561171', '9', '22.22222222222222', '0', '0', '0', 'Lag001', '40_1', NULL, '0', '2019-07-16 16:19:21', '2019-07-16 16:19:21'),
(11, '6800012744', '0001', '1', 'PERM3', '01 02 03 04 05', '6000', '441563297780092Perm5d2e07f416caf', '10', '600', '0', '0', '0', 'Lag001', '40_1', NULL, '0', '2019-07-16 16:23:00', '2019-07-16 16:23:00'),
(12, '6800012744', '0001', '1', 'GRP', '01 02 03#10 20 30#', '200', '451563297786563', '9', '22.22222222222222', '0', '0', '0', 'Lag001', '40_1', NULL, '0', '2019-07-16 16:23:06', '2019-07-16 16:23:06'),
(13, '6800012744', '0001', '1', 'GRP', '01 02 03#10 20 30#', '200', '461563297852144', '9', '22.22', '0', '0', '0', 'Lag001', '40_1', NULL, '0', '2019-07-16 16:24:12', '2019-07-16 16:24:12'),
(14, '6800012744', '0001', '1', 'GRP', '01 02 03#10 20 30#', '200', '471563298106088', '9', '22.22', '0', '0', '3', 'Lag001', '40_1', NULL, '0', '2019-07-16 16:28:26', '2019-07-16 16:28:26'),
(15, '6800012744', '0001', '1', 'GRP', '01 02 03#10 20 30#', '200', '481563298207994', '9', '22.22', '0', '0', '3', 'Lag001', '40_1', NULL, '0', '2019-07-16 16:30:08', '2019-07-16 16:30:08'),
(16, '6800012744', '0001', '1', 'GRP', '01 02 03#10 20 30#', '200', '491563298299173', '9', '22.22', '0', '0', '2', 'Lag001', '40_1', NULL, '0', '2019-07-16 16:31:39', '2019-07-16 16:31:39'),
(17, '6800012744', '0001', '1', 'GRP', '01 02 03#10 20 30#15 16 13#', '100', '501563298436175', '27', '3.70', '0', '0', '3', 'Lag001', '40_1', NULL, '0', '2019-07-16 16:33:56', '2019-07-16 16:33:56'),
(18, '6800012744', '0002', '1', 'GRP', '30 10#12 34 56 78 91 11 21 31 41 51 61 71 81 92 02 12 22 32 42 52 62 72 82 93 13 23 33 43 53 63 73 83 94 04 14 24 34 44 54 64 74 84 9#', '100', '561563323249522', '43', '2.33', '0', '0', '2', 'Lag001', '40_1', NULL, '0', '2019-07-16 23:27:29', '2019-07-16 23:27:29'),
(19, '6800012744', '0002', '1', 'GRP', '10 20 30#01 02 03#', '100', '571563323280738', '9', '11.11', '0', '0', '2', 'Lag001', '40_1', NULL, '0', '2019-07-16 23:28:00', '2019-07-16 23:28:00'),
(20, '6800012744', '0002', '1', 'GRP', '10 20 30#41 21 31#02 03 07#', '100', '581563323330041', '27', '3.70', '0', '0', '3', 'Lag001', '40_1', NULL, '0', '2019-07-16 23:28:50', '2019-07-16 23:28:50'),
(21, '6800012744', '0002', '1', 'NAP3', '11 22 33', '100', '591563325426429NAP5d2e73f268efa', '0', '0', '0', '0', '0', 'Lag001', '40_1', '02', '0', '2019-07-17 00:03:46', '2019-07-17 00:03:46'),
(22, '6800012744', '0002', '1', 'MidWkFri', '01 02 03', '100', '601563328665276MidWkFri5d2e809943754', '0', '0', '0', '0', '0', 'Lag001', 'MidWkFri', NULL, '0', '2019-07-17 00:57:45', '2019-07-17 00:57:45'),
(23, '6800012744', '0002', '1', 'GRP', '11 22#12 34 56 78 91 01 21 31 41 51 61 71 81 92 02 12 32 42 52 62 72 82 93 03 13 23 33 43 53 63 73 83 94 04 14 24 34 44 54 64 74 84 9#', '100', '611563328684133', '43', '2.33', '0', '0', '2', 'Lag001', '40_1', NULL, '0', '2019-07-17 00:58:04', '2019-07-17 00:58:04'),
(24, '6800012744', '0002', '1', 'GRP', '10 20#11 22#32 31#', '200', '621563328976800', '8', '25.00', '0', '0', '3', 'Lag001', '40_1', NULL, '0', '2019-07-17 01:02:56', '2019-07-17 01:02:56'),
(25, '6800012744', '0002', '1', 'NAP3', '01 02 03', '100', '841563330797238NAP5d2e88ed3a209', '0', '0', '0', '0', '0', 'Lag001', '40_1', '02', '0', '2019-07-17 01:33:17', '2019-07-17 01:33:17'),
(26, '6800012744', '0002', '1', 'GRP', '01 02 03#10 20 30#15 16 13#', '400', '871563333321918', '27', '14.81', '0', '0', '3', 'Lag001', '40_1', NULL, '0', '2019-07-17 02:15:21', '2019-07-17 02:15:21'),
(27, '6800012744', '0002', '1', 'NAP3', '11 12 13', '5000000', '881563333911557', '0', '0', '0', '0', '0', 'Lag001', '40_1', '02', '0', '2019-07-17 02:25:11', '2019-07-17 02:25:11'),
(28, '6800012744', '0002', '1', 'NAP3', '01 02 03', '5000', '891563333932261', '0', '0', '0', '0', '0', 'Lag001', '50_1', NULL, '0', '2019-07-17 02:25:32', '2019-07-17 02:25:32'),
(29, '6800012744', '0002', '1', 'MidWkFri', '11 22 33', '400', '901563334627979', '0', '0', '0', '0', '0', 'Lag001', 'MidWkFri', NULL, '0', '2019-07-17 02:37:07', '2019-07-17 02:37:07'),
(30, '6800012744', '0002', '1', 'NAP3', '01 02 03', '5000', '911563335490169', '0', '0', '0', '0', '0', 'Lag001', '50_1', NULL, '0', '2019-07-17 02:51:30', '2019-07-17 02:51:30'),
(31, '6800012744', '0002', '1', 'NAP3', '01 02 03', '100', '921563335703591', '0', '0', '0', '0', '0', 'Lag001', '50_1', NULL, '0', '2019-07-17 02:55:03', '2019-07-17 02:55:03'),
(32, '6800012744', '0002', '1', 'NAP3', '11 12 13', '5000000', '1041563349249328', '0', '0', '0', '0', '0', 'Lag001', '40_1', '02', '0', '2019-07-17 06:40:49', '2019-07-17 06:40:49'),
(33, '6800012744', '0002', '1', 'NAP3', '01 02 03', '5000', '1051563349272160', '0', '0', '0', '0', '0', 'Lag001', '50_1', NULL, '0', '2019-07-17 06:41:12', '2019-07-17 06:41:12'),
(34, '6800012744', '0002', '1', 'NAP3', '11 12 13', '5000000', '1061563349301058', '0', '0', '0', '0', '0', 'Lag001', '40_1', '02', '0', '2019-07-17 06:41:41', '2019-07-17 06:41:41'),
(35, '6800012744', '0002', '1', 'GRP', '01 02 03#10 20 30#15 16 13#', '400', '1071563352917223', '27', '14.81', '0', '0', '3', 'Lag001', '40_1', NULL, '0', '2019-07-17 07:41:57', '2019-07-17 07:41:57'),
(36, '6800012744', '0002', '1', 'GRP', '01 02 03#11 22 33#', '100', '1081563353066153', '9', '11.11', '0', '0', '2', 'Lag001', '40_1', NULL, '0', '2019-07-17 07:44:26', '2019-07-17 07:44:26'),
(37, '6800012744', '0002', '1', 'GRP', '11 22 33#41 23#02 03#', '100', '1091563353092668', '12', '8.33', '0', '0', '3', 'Lag001', '40_1', NULL, '0', '2019-07-17 07:44:52', '2019-07-17 07:44:52'),
(38, '6800012744', '0002', '1', 'GRP', '11 22#12 34 56 78 91 01 21 31 41 51 61 71 81 92 02 12 32 42 52 62 72 82 93 03 13 23 33 43 53 63 73 83 94 04 14 24 34 44 54 64 74 84 9#', '100', '1101563353110318', '43', '2.33', '0', '0', '2', 'Lag001', '40_1', NULL, '0', '2019-07-17 07:45:10', '2019-07-17 07:45:10'),
(39, '6800007502', '100', '1', 'NAP3', '01 02 03', '1000', '1111563361276659', '0', '0', '0', '0', '0', 'Lag001', '50_1', NULL, '0', '2019-07-17 10:01:16', '2019-07-17 10:01:16'),
(40, '82791826', '100', '1', 'NAP3', '11 12 13', '10', '1141563368842775', '0', '0', '0', '0', '0', 'Lag001', '40_1', '02', '0', '2019-07-17 12:07:22', '2019-07-17 12:07:22'),
(41, '82791826', '100', '1', 'PERM3', '12 13 14 15', '10', '1151563368865185', '4', '2.5', '0', '0', '0', 'Lag001', '40_1', NULL, '0', '2019-07-17 12:07:45', '2019-07-17 12:07:45'),
(42, '82791826', '100', '1', 'PERM3', '11 12 13', '10', '1161563369056527', '1', '10', '0', '0', '0', 'Lag001', '40_1', NULL, '0', '2019-07-17 12:10:56', '2019-07-17 12:10:56'),
(43, '82791826', '100', '1', 'NAP3', '45 46 47', '20', '1171563369267016', '0', '0', '0', '0', '0', 'Lag001', '40_1', '02', '0', '2019-07-17 12:14:27', '2019-07-17 12:14:27'),
(44, '82791826', '100', '1', 'PERM3', '11 12 13 14', '20', '1181563369294615', '4', '5', '0', '0', '0', 'Lag001', '40_1', NULL, '0', '2019-07-17 12:14:54', '2019-07-17 12:14:54'),
(45, '6800007502', '0002', '1', 'NAP3', '01 02 03', '200', '1281563372411115', '0', '0', '0', '0', '0', 'Lag001', '50_1', NULL, '0', '2019-07-17 13:06:51', '2019-07-17 13:06:51'),
(46, '82380763', '0002', '1', 'NAP3', '01 02 03', '1000', '1481563395393635', '0', '0', '0', '0', '0', 'Lag001', '40_1', '02', '0', '2019-07-17 19:29:53', '2019-07-17 19:29:53'),
(47, '6800012744', '0002', '1', 'NAP3', '11 12 13', '5000000', '149156339607609', '0', '0', '0', '0', '0', 'Lag001', '40_1', '02', '0', '2019-07-17 19:41:16', '2019-07-17 19:41:16'),
(48, '6800012744', '0002', '1', 'NAP3', '11 12 13', '5000000', '17150616089', '0', '0', '0', '0', '0', 'Lag001', '40_1', '02', '0', '2019-07-17 19:44:50', '2019-07-17 19:44:50'),
(49, '6800012744', '0002', '1', 'NAP3', '11 12 13', '5000000', '171517525', '0', '0', '0', '0', '0', 'Lag001', '40_1', '02', '0', '2019-07-17 19:45:21', '2019-07-17 19:45:21');

-- --------------------------------------------------------

--
-- Table structure for table `migrations`
--

CREATE TABLE `migrations` (
  `id` int(10) UNSIGNED NOT NULL,
  `migration` varchar(255) COLLATE utf8mb4_unicode_ci NOT NULL,
  `batch` int(11) NOT NULL
) ENGINE=InnoDB DEFAULT CHARSET=utf8mb4 COLLATE=utf8mb4_unicode_ci;

--
-- Dumping data for table `migrations`
--

INSERT INTO `migrations` (`id`, `migration`, `batch`) VALUES
(2, '2014_10_12_100000_create_password_resets_table', 1),
(3, '2019_07_02_202408_create_branches_table', 1),
(7, '2019_07_02_205021_create_roles_table', 2),
(10, '2014_10_12_000000_create_users_table', 3),
(11, '2019_07_03_182637_create_system_settings_table', 4),
(12, '2019_07_03_212748_create_game_configurations_table', 5),
(13, '2019_07_03_212800_create_all_game_configurations_table', 5),
(15, '2019_07_04_095243_create_transactions_table', 6),
(16, '2019_07_09_193642_create_odd_settings_table', 7),
(17, '2019_07_12_060025_create_winners_table', 8),
(18, '2019_07_12_060507_create_m_w_k_f_r_i_winners_table', 9),
(19, '2019_07_12_214240_create_government_transactions_table', 9);

-- --------------------------------------------------------

--
-- Table structure for table `m_w_k_f_r_i_winners`
--

CREATE TABLE `m_w_k_f_r_i_winners` (
  `ID` bigint(20) UNSIGNED NOT NULL,
  `ReferenceNumber` varchar(255) COLLATE utf8mb4_unicode_ci DEFAULT NULL,
  `Amount` decimal(8,2) DEFAULT NULL,
  `TerminalID` varchar(255) COLLATE utf8mb4_unicode_ci DEFAULT NULL,
  `Description` varchar(255) COLLATE utf8mb4_unicode_ci DEFAULT NULL
) ENGINE=InnoDB DEFAULT CHARSET=utf8mb4 COLLATE=utf8mb4_unicode_ci;

-- --------------------------------------------------------

--
-- Table structure for table `odd_settings`
--

CREATE TABLE `odd_settings` (
  `OddId` bigint(20) UNSIGNED NOT NULL,
  `Odd` varchar(255) COLLATE utf8mb4_unicode_ci NOT NULL,
  `Status` varchar(255) COLLATE utf8mb4_unicode_ci NOT NULL,
  `created_at` timestamp NULL DEFAULT NULL,
  `updated_at` timestamp NULL DEFAULT NULL
) ENGINE=InnoDB DEFAULT CHARSET=utf8mb4 COLLATE=utf8mb4_unicode_ci;

--
-- Dumping data for table `odd_settings`
--

INSERT INTO `odd_settings` (`OddId`, `Odd`, `Status`, `created_at`, `updated_at`) VALUES
(1, '40_1', 'Active', '2019-07-08 23:00:00', '2019-07-17 12:04:57'),
(2, '50_1', 'Active', '2019-07-08 23:00:00', '2019-07-17 13:01:44'),
(3, 'MidWkFri', 'Inactive', '2019-07-08 23:00:00', '2019-07-17 12:04:57');

-- --------------------------------------------------------

--
-- Table structure for table `password_resets`
--

CREATE TABLE `password_resets` (
  `email` varchar(255) COLLATE utf8mb4_unicode_ci NOT NULL,
  `token` varchar(255) COLLATE utf8mb4_unicode_ci NOT NULL,
  `created_at` timestamp NULL DEFAULT NULL
) ENGINE=InnoDB DEFAULT CHARSET=utf8mb4 COLLATE=utf8mb4_unicode_ci;

-- --------------------------------------------------------

--
-- Table structure for table `roles`
--

CREATE TABLE `roles` (
  `Role_Id` bigint(20) UNSIGNED NOT NULL,
  `Role_Name` varchar(255) COLLATE utf8mb4_unicode_ci NOT NULL,
  `Role_Description` varchar(255) COLLATE utf8mb4_unicode_ci NOT NULL,
  `Role_Status` varchar(255) COLLATE utf8mb4_unicode_ci NOT NULL DEFAULT 'Active',
  `Role_Pages_Access` longtext COLLATE utf8mb4_unicode_ci NOT NULL,
  `created_at` timestamp NULL DEFAULT NULL,
  `updated_at` timestamp NULL DEFAULT NULL
) ENGINE=InnoDB DEFAULT CHARSET=utf8mb4 COLLATE=utf8mb4_unicode_ci;

--
-- Dumping data for table `roles`
--

INSERT INTO `roles` (`Role_Id`, `Role_Name`, `Role_Description`, `Role_Status`, `Role_Pages_Access`, `created_at`, `updated_at`) VALUES
(1, 'Agent', 'POS  users', 'Active', '{\"USER_MANAGEMENT\":null,\"BRANCH_MANAGEMENT\":null,\"TERMINAL_MANAGEMEN\":null,\"REPORTS_MANAGEMENT\":null,\"OPERATIONS_MANAGEMENT\":null,\"OTHERS\":null}', '2019-07-03 01:13:41', '2019-07-17 00:11:27'),
(4, 'Super Agent', 'Sees Agent sales data', 'Active', '{\"USER_MANAGEMENT\":null,\"BRANCH_MANAGEMENT\":null,\"TERMINAL_MANAGEMEN\":null,\"REPORTS_MANAGEMENT\":[\"REPORTS_MANAGEMENT\",\"VIEW_SALES\",\"VIEW_WINNERS\"],\"OPERATIONS_MANAGEMENT\":null,\"OTHERS\":null}', '2019-07-09 19:09:16', '2019-07-17 00:19:52'),
(5, 'Branch Manager', 'Manages the branch', 'Active', '{\"USER_MANAGEMENT\":null,\"BRANCH_MANAGEMENT\":null,\"TERMINAL_MANAGEMEN\":null,\"REPORTS_MANAGEMENT\":[\"REPORTS_MANAGEMENT\",\"VIEW_SALES\",\"VIEW_TRANSACTIONS\",\"VIEW_WINNERS\"],\"OPERATIONS_MANAGEMENT\":[\"MIDWKFRI\",\"MIDWKFRI_PLAY_GAMES\"],\"OTHERS\":null}', '2019-07-12 19:11:43', '2019-07-18 13:44:26'),
(6, 'Admin Manager', 'mgr', 'Active', '{\"USER_MANAGEMENT\":[\"USER_MANAGEMENT\",\"ADD_AND_EDIT_A_USER_ROLE\",\"VIEW_USER_ROLE\",\"ENABLE_DISABLE_USER_ROLE\",\"ADD_AND_EDIT_A_USER\",\"VIEW_USER\",\"ENABLE_DISABLE_USER\",\"RESET_USER_PASSWORD\",\"LOCK_UNLOCK_USER\"],\"BRANCH_MANAGEMENT\":[\"BRANCH_MANAGEMENT\",\"ADD_AND_EDIT_A_BRANCH\",\"VIEW_BRANCH\",\"ENABLE_DISABLE_BRANCH\"],\"TERMINAL_MANAGEMEN\":[\"TERMINAL_MANAGEMENT\",\"ADD_EDIT_TERMINAL\",\"VIEW_TERMINAL\",\"ENABLE_DISABLE_TERMINAL\"],\"REPORTS_MANAGEMENT\":[\"REPORTS_MANAGEMENT\",\"VIEW_OFFICE_TRANSACTION\",\"VIEW_WINNERS_SUMMARY\",\"VIEW_SALES\",\"VIEW_TRANSACTIONS\",\"VIEW_WINNERS\"],\"OPERATIONS_MANAGEMENT\":[\"OPERATIONS_MANAGEMENT\",\"PLAY_GAMES\",\"PLAY_GAMES_OFFICE\",\"PLAY_COLUMN\",\"PLAY_GROUPING\",\"ORDINARY\",\"MIDWKFRI\",\"MIDWKFRI_PLAY_GAMES\",\"MIDWKFRI_PLAY_COLUMN\",\"MIDWKFRI_PLAY_GROUPING\"],\"OTHERS\":[\"EMPTY_WASTE_BIN\",\"CLOSE_ALL_BRANCH_GAMES\",\"EDIT_SYSTEM_CONFIGURATION\"]}', '2019-07-16 17:01:17', '2019-07-17 00:56:30');

-- --------------------------------------------------------

--
-- Table structure for table `system_settings`
--

CREATE TABLE `system_settings` (
  `Setting_Id` bigint(20) UNSIGNED NOT NULL,
  `Week` varchar(255) COLLATE utf8mb4_unicode_ci NOT NULL,
  `Branch` int(11) NOT NULL,
  `MidWk_No` varchar(255) COLLATE utf8mb4_unicode_ci NOT NULL,
  `Message` varchar(255) COLLATE utf8mb4_unicode_ci NOT NULL,
  `Delete_Trx_Password` varchar(255) COLLATE utf8mb4_unicode_ci NOT NULL,
  `Waste_Bin_Password` varchar(255) COLLATE utf8mb4_unicode_ci NOT NULL,
  `created_at` timestamp NULL DEFAULT NULL,
  `updated_at` timestamp NULL DEFAULT NULL
) ENGINE=InnoDB DEFAULT CHARSET=utf8mb4 COLLATE=utf8mb4_unicode_ci;

--
-- Dumping data for table `system_settings`
--

INSERT INTO `system_settings` (`Setting_Id`, `Week`, `Branch`, `MidWk_No`, `Message`, `Delete_Trx_Password`, `Waste_Bin_Password`, `created_at`, `updated_at`) VALUES
(1, '03', 1, '30', 'PAYMENT MUST BE MADE BEFORE HALF TIME.OTHERWISE REGARD AS VOID.', 'scalite', 'admin', '2019-07-03 17:48:46', '2019-07-18 11:09:59');

-- --------------------------------------------------------

--
-- Table structure for table `transactions`
--

CREATE TABLE `transactions` (
  `Transaction_Id` bigint(20) UNSIGNED NOT NULL,
  `Terminal_Id` varchar(255) COLLATE utf8mb4_unicode_ci DEFAULT NULL,
  `User_Id` varchar(255) COLLATE utf8mb4_unicode_ci DEFAULT NULL,
  `Branch_Id` varchar(255) COLLATE utf8mb4_unicode_ci DEFAULT NULL,
  `Game_Type` varchar(255) COLLATE utf8mb4_unicode_ci DEFAULT NULL,
  `Nos_Played` varchar(255) COLLATE utf8mb4_unicode_ci DEFAULT NULL,
  `Amount` varchar(255) COLLATE utf8mb4_unicode_ci DEFAULT NULL,
  `Coupon` varchar(255) COLLATE utf8mb4_unicode_ci DEFAULT NULL,
  `No_Of_Line` varchar(255) COLLATE utf8mb4_unicode_ci DEFAULT NULL,
  `Amount_Per_Line` varchar(255) COLLATE utf8mb4_unicode_ci DEFAULT NULL,
  `Column_No` varchar(255) COLLATE utf8mb4_unicode_ci DEFAULT NULL,
  `Grp_No` varchar(255) COLLATE utf8mb4_unicode_ci DEFAULT NULL,
  `Group_Type` varchar(255) COLLATE utf8mb4_unicode_ci DEFAULT NULL,
  `Branch_Code` varchar(255) COLLATE utf8mb4_unicode_ci DEFAULT NULL,
  `Category` varchar(255) COLLATE utf8mb4_unicode_ci DEFAULT NULL,
  `POS_Id` varchar(255) COLLATE utf8mb4_unicode_ci DEFAULT NULL,
  `Week` varchar(100) COLLATE utf8mb4_unicode_ci NOT NULL DEFAULT 'Week',
  `Deleted` int(11) NOT NULL DEFAULT '0',
  `created_at` timestamp NULL DEFAULT NULL,
  `updated_at` timestamp NULL DEFAULT NULL
) ENGINE=InnoDB DEFAULT CHARSET=utf8mb4 COLLATE=utf8mb4_unicode_ci;

--
-- Dumping data for table `transactions`
--

INSERT INTO `transactions` (`Transaction_Id`, `Terminal_Id`, `User_Id`, `Branch_Id`, `Game_Type`, `Nos_Played`, `Amount`, `Coupon`, `No_Of_Line`, `Amount_Per_Line`, `Column_No`, `Grp_No`, `Group_Type`, `Branch_Code`, `Category`, `POS_Id`, `Week`, `Deleted`, `created_at`, `updated_at`) VALUES
(10, '6800012744', '0001', '1', 'Nap40', '01 02 03', '5000', '11562261614306R5d1e386e4ae4e', '0', '0', '0', '0', '0', 'Lag001', '40_1', '0', 'Week', 0, '2019-07-04 16:33:34', '2019-07-04 16:33:34'),
(11, '6800012744', '0001', '1', 'Nap40', '01 02 03', '5000', '111562267566373R5d1e4fae5b7da', '0', '0', '0', '0', '0', 'Lag001', '40_1', '0', 'Week', 0, '2019-07-04 18:12:46', '2019-07-04 18:12:46'),
(12, '6800012744', '0001', '1', 'Nap40', '01 02 03', '5000', '121562269208848R5d1e5618cf769', '0', '0', '0', '0', '0', 'Lag001', '40_1', '0', 'Week', 0, '2019-07-04 18:40:08', '2019-07-04 18:40:08'),
(13, '6800012744', '0001', '1', 'Nap40', '01 02 03', '5000', '131562269601879R5d1e57a1d6f1a', '0', '0', '0', '0', '0', 'Lag001', '40_1', '0', 'Week', 0, '2019-07-04 18:46:41', '2019-07-04 18:46:41'),
(14, '6800012744', '0001', '1', 'Nap40', '01 02 03', '5000', '141562269665722R5d1e57e1b0929', '0', '0', '0', '0', '0', 'Lag001', '40_1', '0', 'Week', 0, '2019-07-04 18:47:45', '2019-07-04 18:47:45'),
(15, '6800012744', '0001', '1', 'Nap40', '01 02 03', '5000', '151562269808310R5d1e587061f98', '0', '0', '0', '0', '0', 'Lag001', '40_1', '0', 'Week', 0, '2019-07-04 18:50:08', '2019-07-04 18:50:08'),
(16, '6800012744', '0001', '1', 'Nap40', '01 02 03', '5000', '161562269891914R5d1e58c3df7e4', '0', '0', '0', '0', '0', 'Lag001', '40_1', '0', 'Week', 0, '2019-07-04 18:51:31', '2019-07-04 18:51:31'),
(17, '6800012744', '0001', '1', 'Nap40', '01 02 03', '5000', '171562269936942R5d1e58f0e67f6', '0', '0', '0', '0', '0', 'Lag001', '40_1', '0', 'Week', 0, '2019-07-04 18:52:16', '2019-07-04 18:52:16'),
(18, '6800012744', '0001', '1', 'MidWkFri', '01 02 03', '5000', '181562404759123MidWkFri5d206797339f4', '0', '0', '0', '0', '0', 'Lag001', '40_1', '0', 'Week', 0, '2019-07-06 08:19:19', '2019-07-06 08:19:19'),
(22, '6800012749', '0001', '1', 'PERM3', '01 02 03 04 05', '6000', '191562419286453Perm5d20a0566ed2f', '10', '600', '0', '0', '0', 'Lag001', 'MidWkFri', '0', 'Week', 1, '2019-07-06 12:21:26', '2019-07-06 12:21:26'),
(23, '6800012744', '0001', '1', 'PERM3', '01 02 03', '5000', '231562425332857Perm5d20b7f4d8e26', '1', '5000', '0', '0', '0', 'Lag001', '50_1', '0', 'Week', 0, '2019-07-06 14:02:12', '2019-07-06 14:02:12'),
(24, '6800012744', '0001', '1', 'PERM3', '01 02 03 04 05', '6000', '241562426680716Perm5d20bd38aef57', '10', '600', '0', '0', '0', 'Lag001', '40_1', '0', 'Week', 0, '2019-07-06 14:24:40', '2019-07-06 14:24:40'),
(25, '6800012745', '0001', '1', 'NAP3', '01 02 03', '5000', '251562427329930NAP5d20bfc1e3627', '0', '0', '0', '0', '0', 'Lag001', '40_1', '0', '02', 0, '2019-07-06 14:35:29', '2019-07-06 14:35:29'),
(26, '6800012744', '0001', '1', 'NAP3', '01 02 03', '5000', '261562968023855NAP5d28ffd7e5185', '0', '0', '0', '0', '0', 'Lag001', '40_1', '0', '02', 0, '2019-07-12 20:47:03', '2019-07-12 20:47:03'),
(27, '6800012744', '0001', '1', 'NAP3', '01 02 03', '5000', '271562968081290NAP5d29001147406', '0', '0', '0', '0', '0', 'Lag001', '40_1', '0', '02', 0, '2019-07-12 20:48:01', '2019-07-12 20:48:01'),
(28, '6800012744', '0001', '1', 'NAP3', '01 02 03', '5000', '281562968189482NAP5d29007d78a98', '0', '0', '0', '0', '0', 'Lag001', '40_1', '0', '02', 0, '2019-07-12 20:49:49', '2019-07-12 20:49:49'),
(29, '6800012744', '0001', '1', 'NAP3', '01 02 03', '5000', '291562968209144NAP5d290091269b6', '0', '0', '0', '0', '0', 'Lag001', '40_1', '0', '02', 0, '2019-07-12 20:50:09', '2019-07-12 20:50:09'),
(30, '6800012744', '0001', '1', 'NAP3', '01 02 03', '5000', '301562968340151NAP5d290114258db', '0', '0', '0', '0', '0', 'Lag001', '40_1', '0', '02', 0, '2019-07-12 20:52:20', '2019-07-12 20:52:20'),
(31, '6800012744', '0001', '1', 'NAP3', '01 02 03', '5000', '311562968365531NAP5d29012d88205', '0', '0', '0', '0', '0', 'Lag001', '40_1', '0', '02', 0, '2019-07-12 20:52:45', '2019-07-12 20:52:45'),
(32, '6800012744', '0001', '1', 'NAP3', '01 02 03', '5000', '321562968463226NAP5d29018f379ce', '0', '0', '0', '0', '0', 'Lag001', '40_1', '0', '02', 0, '2019-07-12 20:54:23', '2019-07-12 20:54:23'),
(33, '6800012744', '0001', '1', 'NAP3', '01 02 03', '5000', '331562968506989NAP5d2901bb0f412', '0', '0', '0', '0', '0', 'Lag001', '40_1', '0', '02', 0, '2019-07-12 20:55:07', '2019-07-12 20:55:07'),
(34, '6800012744', '0001', '1', 'NAP3', '01 02 03', '5000', '341562976159018NAP5d291f9f21947', '0', '0', '0', '0', '0', 'Lag001', '40_1', '0', '02', 0, '2019-07-12 23:02:39', '2019-07-12 23:02:39'),
(35, '6800012744', '0001', '1', 'GRP', '01 02 03#10 20 30#', '200', '351563120254149Perm5d2b527e24708', '6', '33.333333333333336', '0', '0', '0', 'Lag001', '40_1', '0', 'Week', 0, '2019-07-14 15:04:14', '2019-07-14 15:04:14'),
(36, '6800012744', '0001', '1', 'GRP', '01 02 03#10 20 30#', '200', '361563120569620Perm5d2b53b997877', '6', '33.333333333333336', '0', '0', '0', 'Lag001', '50_1', '0', 'Week', 0, '2019-07-14 15:09:29', '2019-07-14 15:09:29'),
(37, '6800012744', '0001', '1', 'GRP', '01 02 03#10 20 30#', '200', '371563120613824Perm5d2b53e5c9619', '6', '33.333333333333336', '0', '0', '0', 'Lag001', 'MidWkFri', '0', 'Week', 1, '2019-07-14 15:10:13', '2019-07-14 15:10:13'),
(38, '6800012744', '0001', '1', 'GRP', '01 02 03#10 20 30#', '100000', '381563123746771Perm5d2b6022bc840', '6', '16666.666666666668', '0', '0', '0', 'Lag001', 'MidWkFri', '0', 'Week', 1, '2019-07-14 16:02:26', '2019-07-14 16:02:26'),
(39, '6800012744', '0002', '1', 'NAP3', '11 12 13', '5000000', '391563289469818NAP5d2de77dd523c', '0', '0', '0', '0', '0', 'Lag001', '40_1', '0', '02', 0, '2019-07-16 14:04:29', '2019-07-16 14:04:29'),
(40, '6800012744', '0001', '1', 'PERM3', '01 02 03 04 05', '6000', '401563294833727Perm5d2dfc71d4b82', '10', '600', '0', '0', '0', 'Lag001', '40_1', '0', 'Week', 0, '2019-07-16 15:33:53', '2019-07-16 15:33:53'),
(41, '6800012744', '0001', '1', 'PERM3', '01 02 03 04 05', '6000', '411563294970782Perm5d2dfcfabf782', '10', '600', '0', '0', '0', 'Lag001', '40_1', '0', 'Week', 0, '2019-07-16 15:36:10', '2019-07-16 15:36:10'),
(42, '6800012744', '0001', '1', 'GRP', '01 02 03#10 20 30#', '200', '421563296963097', '0.5', '400', '0', '0', '0', 'Lag001', '40_1', '0', 'Week', 0, '2019-07-16 16:09:23', '2019-07-16 16:09:23'),
(43, '6800012744', '0001', '1', 'GRP', '01 02 03#10 20 30#', '200', '431563297561171', '9', '22.22222222222222', '0', '0', '0', 'Lag001', '40_1', '0', 'Week', 0, '2019-07-16 16:19:21', '2019-07-16 16:19:21'),
(44, '6800012744', '0001', '1', 'PERM3', '01 02 03 04 05', '6000', '441563297780092Perm5d2e07f416caf', '10', '600', '0', '0', '0', 'Lag001', '40_1', '0', 'Week', 0, '2019-07-16 16:23:00', '2019-07-16 16:23:00'),
(45, '6800012744', '0001', '1', 'GRP', '01 02 03#10 20 30#', '200', '451563297786563', '9', '22.22222222222222', '0', '0', '0', 'Lag001', '40_1', '0', 'Week', 0, '2019-07-16 16:23:06', '2019-07-16 16:23:06'),
(46, '6800012744', '0001', '1', 'GRP', '01 02 03#10 20 30#', '200', '461563297852144', '9', '22.22', '0', '0', '0', 'Lag001', '40_1', '0', 'Week', 0, '2019-07-16 16:24:12', '2019-07-16 16:24:12'),
(47, '6800012744', '0001', '1', 'GRP', '01 02 03#10 20 30#', '200', '471563298106088', '9', '22.22', '0', '0', '3', 'Lag001', '40_1', '0', 'Week', 0, '2019-07-16 16:28:26', '2019-07-16 16:28:26'),
(48, '6800012744', '0001', '1', 'GRP', '01 02 03#10 20 30#', '200', '481563298207994', '9', '22.22', '0', '0', '3', 'Lag001', '40_1', '0', 'Week', 0, '2019-07-16 16:30:08', '2019-07-16 16:30:08'),
(49, '6800012744', '0001', '1', 'GRP', '01 02 03#10 20 30#', '200', '491563298299173', '9', '22.22', '0', '0', '2', 'Lag001', '40_1', '0', 'Week', 0, '2019-07-16 16:31:39', '2019-07-16 16:31:39'),
(50, '6800012744', '0001', '1', 'GRP', '01 02 03#10 20 30#15 16 13#', '100', '501563298436175', '27', '3.70', '0', '0', '3', 'Lag001', '40_1', '0', 'Week', 0, '2019-07-16 16:33:56', '2019-07-16 16:33:56'),
(51, '6800012744', '0001', '1', 'PERM3', '01 02 03 04 05', '6000', '511563322624922Perm5d2e6900e168a', '10', '600', '0', '0', '0', 'Lag001', '40_1', '0', 'Week', 0, '2019-07-16 23:17:04', '2019-07-16 23:17:04'),
(52, '6800012744', '0001', '1', 'GRP', '01 02 03#10 20 30#15 16 13#', '100', '521563322631134', '27', '3.70', '0', '0', '3', 'Lag001', '40_1', '0', 'Week', 0, '2019-07-16 23:17:11', '2019-07-16 23:17:11'),
(53, '6800012744', '0001', '1', 'GRP', '01 02 03#10 20 30#', '200', '531563322691987', '9', '22.22', '0', '0', '2', 'Lag001', '40_1', '0', 'Week', 0, '2019-07-16 23:18:11', '2019-07-16 23:18:11'),
(54, '6800012744', '0001', '1', 'GRP', '01 02 03#10 20 30#', '200', '541563322696604', '9', '22.22', '0', '0', '2', 'Lag001', '40_1', '0', 'Week', 0, '2019-07-16 23:18:16', '2019-07-16 23:18:16'),
(55, '6800012744', '0001', '1', 'GRP', '01 02 03#10 20 30#', '200', '551563322700361', '9', '22.22', '0', '0', '2', 'Lag001', '40_1', '0', 'Week', 0, '2019-07-16 23:18:20', '2019-07-16 23:18:20'),
(56, '6800012744', '0002', '1', 'GRP', '30 10#12 34 56 78 91 11 21 31 41 51 61 71 81 92 02 12 22 32 42 52 62 72 82 93 13 23 33 43 53 63 73 83 94 04 14 24 34 44 54 64 74 84 9#', '100', '561563323249522', '43', '2.33', '0', '0', '2', 'Lag001', '40_1', '0', 'Week', 0, '2019-07-16 23:27:29', '2019-07-16 23:27:29'),
(57, '6800012744', '0002', '1', 'GRP', '10 20 30#01 02 03#', '100', '571563323280738', '9', '11.11', '0', '0', '2', 'Lag001', '40_1', '0', 'Week', 1, '2019-07-16 23:28:00', '2019-07-16 23:28:00'),
(58, '6800012744', '0002', '1', 'GRP', '10 20 30#41 21 31#02 03 07#', '100', '581563323330041', '27', '3.70', '0', '0', '3', 'Lag001', '40_1', '0', 'Week', 1, '2019-07-16 23:28:50', '2019-07-16 23:28:50'),
(59, '6800012744', '0002', '1', 'NAP3', '11 22 33', '100', '591563325426429NAP5d2e73f268efa', '0', '0', '0', '0', '0', 'Lag001', '40_1', '0', '02', 1, '2019-07-17 00:03:46', '2019-07-17 00:03:46'),
(60, '6800012744', '0002', '1', 'MidWkFri', '01 02 03', '100', '601563328665276MidWkFri5d2e809943754', '0', '0', '0', '0', '0', 'Lag001', 'MidWkFri', '0', 'Week', 1, '2019-07-17 00:57:45', '2019-07-17 00:57:45'),
(61, '6800012744', '0002', '1', 'GRP', '11 22#12 34 56 78 91 01 21 31 41 51 61 71 81 92 02 12 32 42 52 62 72 82 93 03 13 23 33 43 53 63 73 83 94 04 14 24 34 44 54 64 74 84 9#', '100', '611563328684133', '43', '2.33', '0', '0', '2', 'Lag001', '40_1', '0', 'Week', 1, '2019-07-17 00:58:04', '2019-07-17 00:58:04'),
(62, '6800012744', '0002', '1', 'GRP', '10 20#11 22#32 31#', '200', '621563328976800', '8', '25.00', '0', '0', '3', 'Lag001', '40_1', '0', 'Week', 1, '2019-07-17 01:02:56', '2019-07-17 01:02:56'),
(63, '6800007502', '0001', '1', 'NAP3', '01 02 03', '200', '631563329465134NAP5d2e83b920c09', '0', '0', '0', '0', '0', 'Lag001', '40_1', '0', '02', 1, '2019-07-17 01:11:05', '2019-07-17 01:11:05'),
(64, '6800007502', '0001', '1', 'NAP5', '01 02 03 40 20', '500', '641563329502596NAP5d2e83de91a29', '0', '0', '0', '0', '0', 'Lag001', '40_1', '0', '02', 1, '2019-07-17 01:11:42', '2019-07-17 01:11:42'),
(65, '6800007502', '0001', '1', 'GRP', '01 20#23 45 67 89 10 11 12 13 14 15 16 17 18 19 21 22 23 24 25 26 27 28 29 30 31 32 33 34 35 36 37 38 39 40 41 42 43 44 45 46 47 48 49#', '800', '651563329529935', '43', '18.60', '0', '0', '2', 'Lag001', '40_1', '0', 'Week', 1, '2019-07-17 01:12:09', '2019-07-17 01:12:09'),
(66, '6800007502', '0001', '1', 'GRP', '01 02 03#05 06 04 09#', '200', '661563329576147', '12', '16.67', '0', '0', '2', 'Lag001', '40_1', '0', 'Week', 1, '2019-07-17 01:12:56', '2019-07-17 01:12:56'),
(67, '6800007502', '0001', '1', 'GRP', '01 02#03 04#05 06#', '500', '671563329601525', '8', '62.50', '0', '0', '3', 'Lag001', '40_1', '0', 'Week', 1, '2019-07-17 01:13:21', '2019-07-17 01:13:21'),
(68, '6800007502', '0001', '1', 'PERM4', '01 02 03 04 05 06 07 08 09 10', '500', '681563329654062Perm5d2e84760f2b7', '210', '2.380952380952381', '0', '0', '0', 'Lag001', '40_1', '0', 'Week', 1, '2019-07-17 01:14:14', '2019-07-17 01:14:14'),
(69, '6800007502', '0001', '1', 'PERM3', '01 02 03 04 05 06 07 08 09 10', '1200', '691563329690159Perm5d2e849a26e15', '120', '10', '0', '0', '0', 'Lag001', '40_1', '0', 'Week', 1, '2019-07-17 01:14:50', '2019-07-17 01:14:50'),
(70, '6800007502', '0001', '1', 'MidWkFri', '01 02 03', '200', '701563329756830MidWkFri5d2e84dccaa5f', '0', '0', '0', '0', '0', 'Lag001', 'MidWkFri', '0', 'Week', 1, '2019-07-17 01:15:56', '2019-07-17 01:15:56'),
(71, '6800007502', '0001', '1', 'MidWkFri', '01 02 03', '200', '711563329978800MidWkFri5d2e85bac36b8', '0', '0', '0', '0', '0', 'Lag001', 'MidWkFri', '0', 'Week', 1, '2019-07-17 01:19:38', '2019-07-17 01:19:38'),
(72, '6800007502', '0001', '1', 'GRP', '02 01#34 56 78 91 01 11 21 31 41 51 61 71 81 92 02 12 22 32 42 52 62 72 82 93 03 13 23 33 43 53 63 73 83 94 04 14 24 34 44 54 64 74 84 9#', '200', '721563329994559', '44', '4.55', '0', '0', '2', 'Lag001', '40_1', '0', 'Week', 1, '2019-07-17 01:19:54', '2019-07-17 01:19:54'),
(73, '6800007502', '0001', '1', 'GRP', '01 02#20 24#', '500', '731563330015640', '2', '250.00', '0', '0', '2', 'Lag001', '40_1', '0', 'Week', 1, '2019-07-17 01:20:15', '2019-07-17 01:20:15'),
(74, '6800007502', '0001', '1', 'GRP', '01 02 03#20 14 34#', '200', '741563330045199', '9', '22.22', '0', '0', '2', 'Lag001', '40_1', '0', 'Week', 1, '2019-07-17 01:20:45', '2019-07-17 01:20:45'),
(75, '6800007502', '0001', '1', 'GRP', '01 02 03#07 09#20 05#', '200', '751563330081157', '12', '16.67', '0', '0', '3', 'Lag001', '40_1', '0', 'Week', 1, '2019-07-17 01:21:21', '2019-07-17 01:21:21'),
(76, '6800007502', '0001', '1', 'NAP3', '01 02 03', '200', '761563330157950NAP5d2e866de7f53', '0', '0', '0', '0', '0', 'Lag001', '50_1', '0', 'Week', 1, '2019-07-17 01:22:37', '2019-07-17 01:22:37'),
(77, '6800007502', '0001', '1', 'NAP6', '20 11 13 15 14 19', '200', '771563330179853NAP5d2e8683d0785', '0', '0', '0', '0', '0', 'Lag001', '50_1', '0', 'Week', 1, '2019-07-17 01:22:59', '2019-07-17 01:22:59'),
(78, '6800007502', '0001', '1', 'PERM3', '01 02 03 04 05', '200', '781563330196124Perm5d2e86941e6b1', '10', '20', '0', '0', '0', 'Lag001', '50_1', '0', 'Week', 1, '2019-07-17 01:23:16', '2019-07-17 01:23:16'),
(79, '6800007502', '0001', '1', 'PERM6', '10 20 30 40 12 13 14 15', '2000', '791563330220484Perm5d2e86ac76470', '28', '71.42857142857143', '0', '0', '0', 'Lag001', '50_1', '0', 'Week', 1, '2019-07-17 01:23:40', '2019-07-17 01:23:40'),
(80, '6800007502', '0001', '1', 'GRP', '01 02#34 56 78 91 01 11 21 31 41 51 61 71 81 92 02 12 22 32 42 52 62 72 82 93 03 13 23 33 43 53 63 73 83 94 04 14 24 34 44 54 64 74 84 9#', '2000', '801563330235254', '44', '45.45', '0', '0', '2', 'Lag001', '40_1', '0', 'Week', 1, '2019-07-17 01:23:55', '2019-07-17 01:23:55'),
(81, '6800007502', '0001', '1', 'GRP', '01 02#20 23#', '200', '811563330256417', '2', '100.00', '0', '0', '2', 'Lag001', '40_1', '0', 'Week', 1, '2019-07-17 01:24:16', '2019-07-17 01:24:16'),
(82, '6800007502', '0001', '1', 'GRP', '40 45 01#02 03#', '2030', '821563330282378', '3', '676.67', '0', '0', '2', 'Lag001', '40_1', '0', 'Week', 1, '2019-07-17 01:24:42', '2019-07-17 01:24:42'),
(83, '6800007502', '0001', '1', 'GRP', '01 02 03 04#08 09#20 23#', '800', '831563330316967', '16', '50.00', '0', '0', '3', 'Lag001', '40_1', '0', 'Week', 1, '2019-07-17 01:25:16', '2019-07-17 01:25:16'),
(84, '6800012744', '0002', '1', 'NAP3', '01 02 03', '100', '841563330797238NAP5d2e88ed3a209', '0', '0', '0', '0', '0', 'Lag001', '40_1', '0', '02', 1, '2019-07-17 01:33:17', '2019-07-17 01:33:17'),
(85, '6800012744', '0002', '1', 'PERM3', '01 02 03', '5000', '851563331390467', '1', '5000', '0', '0', '0', 'Lag001', 'MidWkFri', '0', 'Week', 1, '2019-07-17 01:43:10', '2019-07-17 01:43:10'),
(86, '6800012744', '0002', '1', 'PERM3', '01 02 03', '100', '861563331827717', '1', '100', '0', '0', '0', 'Lag001', 'MidWkFri', '0', 'Week', 1, '2019-07-17 01:50:27', '2019-07-17 01:50:27'),
(87, '6800012744', '0002', '1', 'GRP', '01 02 03#10 20 30#15 16 13#', '400', '871563333321918', '27', '14.81', '0', '0', '3', 'Lag001', '40_1', '0', 'Week', 1, '2019-07-17 02:15:21', '2019-07-17 02:15:21'),
(88, '6800012744', '0002', '1', 'NAP3', '11 12 13', '5000000', '881563333911557', '0', '0', '0', '0', '0', 'Lag001', '40_1', '0', '02', 1, '2019-07-17 02:25:11', '2019-07-17 02:25:11'),
(89, '6800012744', '0002', '1', 'NAP3', '01 02 03', '5000', '891563333932261', '0', '0', '0', '0', '0', 'Lag001', '50_1', '0', 'Week', 1, '2019-07-17 02:25:32', '2019-07-17 02:25:32'),
(90, '6800012744', '0002', '1', 'MidWkFri', '11 22 33', '400', '901563334627979', '0', '0', '0', '0', '0', 'Lag001', 'MidWkFri', '0', 'Week', 1, '2019-07-17 02:37:07', '2019-07-17 02:37:07'),
(91, '6800012744', '0002', '1', 'NAP3', '01 02 03', '5000', '911563335490169', '0', '0', '0', '0', '0', 'Lag001', '50_1', '0', 'Week', 1, '2019-07-17 02:51:30', '2019-07-17 02:51:30'),
(92, '6800012744', '0002', '1', 'NAP3', '01 02 03', '100', '921563335703591', '0', '0', '0', '0', '0', 'Lag001', '50_1', '0', 'Week', 1, '2019-07-17 02:55:03', '2019-07-17 02:55:03'),
(93, '6800007502', '0001', '1', 'NAP3', '01 02 03', '100', '931563336087358', '0', '0', '0', '0', '0', 'Lag001', '40_1', '0', '02', 1, '2019-07-17 03:01:27', '2019-07-17 03:01:27'),
(94, '6800007502', '900', '1', 'NAP3', '12 13 15', '200', '941563336141586', '0', '0', '0', '0', '0', 'Lag001', '40_1', '0', '02', 1, '2019-07-17 03:02:21', '2019-07-17 03:02:21'),
(95, '6800007502', '900', '1', 'GRP', '12 13#12 34 56 78 91 01 11 41 51 61 71 81 92 02 12 22 32 42 52 62 72 82 93 03 13 23 33 43 53 63 73 83 94 04 14 24 34 44 54 64 74 84 9#', '2000', '951563336191039', '43', '46.51', '0', '0', '2', 'Lag001', '40_1', '0', 'Week', 1, '2019-07-17 03:03:11', '2019-07-17 03:03:11'),
(96, '6800007502', '900', '1', 'PERM3', '01 02 03 04 05', '1000', '961563336828945', '10', '100', '0', '0', '0', 'Lag001', 'MidWkFri', '0', 'Week', 1, '2019-07-17 03:13:48', '2019-07-17 03:13:48'),
(97, '6800007502', '900', '1', 'PERM3', '01 02 03 04 05 06 07 08 09 10', '1000', '971563336919640', '120', '8.333333333333334', '0', '0', '0', 'Lag001', 'MidWkFri', '0', 'Week', 1, '2019-07-17 03:15:19', '2019-07-17 03:15:19'),
(98, '6800007502', '900', '1', 'GRP', '01 02#34 56 78 91 01 11 21 31 41 51 61 71 81 92 02 12 22 32 42 52 62 72 82 93 03 13 23 33 43 53 63 73 83 94 04 14 24 34 44 54 64 74 84 9#', '2000', '981563336960648', '44', '45.45', '0', '0', '2', 'Lag001', '40_1', '0', 'Week', 1, '2019-07-17 03:16:00', '2019-07-17 03:16:00'),
(99, '6800007502', '900', '1', 'MidWkFri', '20 35 38', '5600', '991563337031165', '0', '0', '0', '0', '0', 'Lag001', 'MidWkFri', '0', 'Week', 1, '2019-07-17 03:17:11', '2019-07-17 03:17:11'),
(100, '6800007502', '900', '1', 'PERM4', '01 02 03 04 05 06 07', '500', '1001563337829582', '35', '14.285714285714286', '0', '0', '0', 'Lag001', '50_1', '0', 'Week', 1, '2019-07-17 03:30:29', '2019-07-17 03:30:29'),
(101, '6800007502', '900', '1', 'MidWkFri', '02 03 05', '500', '1011563337872637', '0', '0', '0', '0', '0', 'Lag001', 'MidWkFri', '0', 'Week', 1, '2019-07-17 03:31:12', '2019-07-17 03:31:12'),
(102, '6800007502', '0001', '1', 'MidWkFri', '01 02 05 06 09 07', '200', '1021563338008940', '0', '0', '0', '0', '0', 'Lag001', 'MidWkFri', '0', 'Week', 1, '2019-07-17 03:33:28', '2019-07-17 03:33:28'),
(103, '6800007502', '0001', '1', 'MidWkFri', '01 02 03', '200', '1031563338074698', '0', '0', '0', '0', '0', 'Lag001', 'MidWkFri', '0', 'Week', 1, '2019-07-17 03:34:34', '2019-07-17 03:34:34'),
(104, '6800012744', '0002', '1', 'NAP3', '11 12 13', '5000000', '1041563349249328', '0', '0', '0', '0', '0', 'Lag001', '40_1', '0', '02', 1, '2019-07-17 06:40:49', '2019-07-17 06:40:49'),
(105, '6800012744', '0002', '1', 'NAP3', '01 02 03', '5000', '1051563349272160', '0', '0', '0', '0', '0', 'Lag001', '50_1', '0', 'Week', 1, '2019-07-17 06:41:12', '2019-07-17 06:41:12'),
(106, '6800012744', '0002', '1', 'NAP3', '11 12 13', '5000000', '1061563349301058', '0', '0', '0', '0', '0', 'Lag001', '40_1', '0', '02', 1, '2019-07-17 06:41:41', '2019-07-17 06:41:41'),
(107, '6800012744', '0002', '1', 'GRP', '01 02 03#10 20 30#15 16 13#', '400', '1071563352917223', '27', '14.81', '0', '0', '3', 'Lag001', '40_1', '0', 'Week', 1, '2019-07-17 07:41:57', '2019-07-17 07:41:57'),
(108, '6800012744', '0002', '1', 'GRP', '01 02 03#11 22 33#', '100', '1081563353066153', '9', '11.11', '0', '0', '2', 'Lag001', '40_1', '0', 'Week', 1, '2019-07-17 07:44:26', '2019-07-17 07:44:26'),
(109, '6800012744', '0002', '1', 'GRP', '11 22 33#41 23#02 03#', '100', '1091563353092668', '12', '8.33', '0', '0', '3', 'Lag001', '40_1', '0', 'Week', 1, '2019-07-17 07:44:52', '2019-07-17 07:44:52'),
(110, '6800012744', '0002', '1', 'GRP', '11 22#12 34 56 78 91 01 21 31 41 51 61 71 81 92 02 12 32 42 52 62 72 82 93 03 13 23 33 43 53 63 73 83 94 04 14 24 34 44 54 64 74 84 9#', '100', '1101563353110318', '43', '2.33', '0', '0', '2', 'Lag001', '40_1', '0', 'Week', 1, '2019-07-17 07:45:10', '2019-07-17 07:45:10'),
(111, '6800007502', '100', '1', 'NAP3', '01 02 03', '1000', '1111563361276659', '0', '0', '0', '0', '0', 'Lag001', '50_1', '0', 'Week', 1, '2019-07-17 10:01:16', '2019-07-17 10:01:16'),
(112, '6800007502', '800', '1', 'NAP3', '15 16 17', '500', '1121563361536490', '0', '0', '0', '0', '0', 'Lag001', '50_1', '0', 'Week', 1, '2019-07-17 10:05:36', '2019-07-17 10:05:36'),
(113, '6800007502', '800', '1', 'MidWkFri', '01 02 03', '200', '1131563361888921', '0', '0', '0', '0', '0', 'Lag001', 'MidWkFri', '0', 'Week', 1, '2019-07-17 10:11:28', '2019-07-17 10:11:28'),
(114, '82791826', '100', '1', 'NAP3', '11 12 13', '10', '1141563368842775', '0', '0', '0', '0', '0', 'Lag001', '40_1', '0', '02', 1, '2019-07-17 12:07:22', '2019-07-17 12:07:22'),
(115, '82791826', '100', '1', 'PERM3', '12 13 14 15', '10', '1151563368865185', '4', '2.5', '0', '0', '0', 'Lag001', '40_1', '0', 'Week', 1, '2019-07-17 12:07:45', '2019-07-17 12:07:45'),
(116, '82791826', '100', '1', 'PERM3', '11 12 13', '10', '1161563369056527', '1', '10', '0', '0', '0', 'Lag001', '40_1', '0', 'Week', 1, '2019-07-17 12:10:56', '2019-07-17 12:10:56'),
(117, '82791826', '100', '1', 'NAP3', '45 46 47', '20', '1171563369267016', '0', '0', '0', '0', '0', 'Lag001', '40_1', '0', '02', 1, '2019-07-17 12:14:27', '2019-07-17 12:14:27'),
(118, '82791826', '100', '1', 'PERM3', '11 12 13 14', '20', '1181563369294615', '4', '5', '0', '0', '0', 'Lag001', '40_1', '0', 'Week', 1, '2019-07-17 12:14:54', '2019-07-17 12:14:54'),
(119, '82791826', '100', '1', 'NAP3', '23 24 25', '10', '1191563370214810', '0', '0', '0', '0', '0', 'Lag001', '40_1', '0', '02', 1, '2019-07-17 12:30:14', '2019-07-17 12:30:14'),
(120, '82791826', '100', '1', 'NAP3', '11 12 13', '100', '1201563370362392', '0', '0', '0', '0', '0', 'Lag001', '40_1', '0', '02', 1, '2019-07-17 12:32:42', '2019-07-17 12:32:42'),
(121, '82791826', '100', '1', 'NAP3', '11 12 13', '10000', '1211563370401012', '0', '0', '0', '0', '0', 'Lag001', '40_1', '0', '02', 1, '2019-07-17 12:33:21', '2019-07-17 12:33:21'),
(122, '82791826', '100', '1', 'NAP3', '11 15 16', '99000', '1221563370443146', '0', '0', '0', '0', '0', 'Lag001', '40_1', '0', '02', 1, '2019-07-17 12:34:03', '2019-07-17 12:34:03'),
(123, '82791826', '100', '1', 'NAP3', '14 17 18', '20000', '1231563370501622', '0', '0', '0', '0', '0', 'Lag001', '40_1', '0', '02', 1, '2019-07-17 12:35:01', '2019-07-17 12:35:01'),
(124, '82791826', '100', '1', 'NAP3', '24 25 26', '25000', '1241563370556085', '0', '0', '0', '0', '0', 'Lag001', '40_1', '0', '02', 1, '2019-07-17 12:35:56', '2019-07-17 12:35:56'),
(125, '82791826', '100', '1', 'GRP', '14 15#17 18 19 20#', '40', '1251563370850207', '4', '10.00', '0', '0', '2', 'Lag001', '40_1', '0', 'Week', 1, '2019-07-17 12:40:50', '2019-07-17 12:40:50'),
(126, '82791826', '100', '1', 'GRP', '14 15 16#11 12 13 19#', '200', '1261563370941160', '3', '66.67', '0', '0', '2', 'Lag001', '40_1', '0', 'Week', 1, '2019-07-17 12:42:21', '2019-07-17 12:42:21'),
(127, '82791826', '100', '1', 'GRP', '11 12 13#14 15 16 17#', '200', '1271563370987028', '18', '11.11', '0', '0', '2', 'Lag001', '40_1', '0', 'Week', 1, '2019-07-17 12:43:07', '2019-07-17 12:43:07'),
(128, '6800007502', '0002', '1', 'NAP3', '01 02 03', '200', '1281563372411115', '0', '0', '0', '0', '0', 'Lag001', '50_1', '0', 'Week', 1, '2019-07-17 13:06:51', '2019-07-17 13:06:51'),
(129, '82791826', '100', '1', 'NAP3', '11 12 13', '10', '1291563373408490', '0', '0', '0', '0', '0', 'Lag001', '40_1', '0', '02', 1, '2019-07-17 13:23:28', '2019-07-17 13:23:28'),
(130, '82791826', '100', '1', 'NAP3', '12 13 14', '10', '1301563373449415', '0', '0', '0', '0', '0', 'Lag001', '40_1', '0', '02', 1, '2019-07-17 13:24:09', '2019-07-17 13:24:09'),
(131, '82791826', '100', '1', 'NAP3', '01 02 03', '10', '1311563373521130', '0', '0', '0', '0', '0', 'Lag001', '40_1', '0', '02', 1, '2019-07-17 13:25:21', '2019-07-17 13:25:21'),
(132, '82791826', '100', '1', 'NAP4', '01 02 03 04', '10', '1321563374131491', '0', '0', '0', '0', '0', 'Lag001', '40_1', '0', '02', 1, '2019-07-17 13:35:31', '2019-07-17 13:35:31'),
(133, '82791826', '100', '1', 'PERM3', '01 02 03 04', '10', '1331563374208556', '4', '2.5', '0', '0', '0', 'Lag001', '40_1', '0', 'Week', 1, '2019-07-17 13:36:48', '2019-07-17 13:36:48'),
(134, '82791826', '100', '1', 'PERM4', '01 02 03 04 05', '10', '1341563374235563', '5', '2', '0', '0', '0', 'Lag001', '40_1', '0', 'Week', 1, '2019-07-17 13:37:15', '2019-07-17 13:37:15'),
(135, '82791826', '100', '1', 'PERM4', '10 20 30 31 32', '10', '1351563374393010', '5', '2', '0', '0', '0', 'Lag001', '40_1', '0', 'Week', 1, '2019-07-17 13:39:53', '2019-07-17 13:39:53'),
(136, '82791826', '100', '1', 'PERM5', '01 02 03 04 05 06', '20', '1361563374418295', '6', '3.3333333333333335', '0', '0', '0', 'Lag001', '40_1', '0', 'Week', 1, '2019-07-17 13:40:18', '2019-07-17 13:40:18'),
(137, '82791826', '100', '1', 'PERM6', '01 02 03 04 05 06 07 08', '100', '1371563374458314', '28', '3.5714285714285716', '0', '0', '0', 'Lag001', '40_1', '0', 'Week', 1, '2019-07-17 13:40:58', '2019-07-17 13:40:58'),
(138, '82791826', '100', '1', 'NAP3', '01 02 03', '20', '1381563374526911', '0', '0', '0', '0', '0', 'Lag001', '40_1', '0', '02', 1, '2019-07-17 13:42:06', '2019-07-17 13:42:06'),
(139, '82791826', '100', '1', 'NAP4', '01 02 03 04', '20', '1391563374567547', '0', '0', '0', '0', '0', 'Lag001', '40_1', '0', '02', 1, '2019-07-17 13:42:47', '2019-07-17 13:42:47'),
(140, '82791826', '100', '1', 'NAP5', '01 02 03 04 05', '50', '1401563374599337', '0', '0', '0', '0', '0', 'Lag001', '40_1', '0', '02', 1, '2019-07-17 13:43:19', '2019-07-17 13:43:19'),
(141, '82791826', '100', '1', 'NAP6', '01 02 03 04 05 06', '50', '1411563374624823', '0', '0', '0', '0', '0', 'Lag001', '40_1', '0', '02', 1, '2019-07-17 13:43:44', '2019-07-17 13:43:44'),
(142, '82791826', '2020', '1', 'NAP3', '15 18 19', '1000', '1421563376389536', '0', '0', '0', '0', '0', 'Lag001', '50_1', '0', 'Week', 1, '2019-07-17 14:13:09', '2019-07-17 14:13:09'),
(143, '82791826', '100', '1', 'NAP3', '04 18 30', '10', '1431563380221745', '0', '0', '0', '0', '0', 'Lag001', '40_1', '0', '02', 1, '2019-07-17 15:17:01', '2019-07-17 15:17:01'),
(144, '82791826', '100', '1', 'NAP3', '04 05 46', '10', '1441563380422136', '0', '0', '0', '0', '0', 'Lag001', '40_1', '0', '02', 1, '2019-07-17 15:20:22', '2019-07-17 15:20:22'),
(145, '82791826', '100', '1', 'NAP3', '04 12 35', '10', '1451563380452824', '0', '0', '0', '0', '0', 'Lag001', '40_1', '0', '02', 1, '2019-07-17 15:20:52', '2019-07-17 15:20:52'),
(146, '82791826', '100', '1', 'NAP3', '04 05 25', '10', '1461563380507778', '0', '0', '0', '0', '0', 'Lag001', '40_1', '0', '02', 1, '2019-07-17 15:21:47', '2019-07-17 15:21:47'),
(147, '82791826', '100', '1', 'NAP3', '01 02 04', '10', '1471563380951130', '0', '0', '0', '0', '0', 'Lag001', '40_1', '0', '02', 1, '2019-07-17 15:29:11', '2019-07-17 15:29:11'),
(148, '82380763', '0002', '1', 'NAP3', '01 02 03', '1000', '1481563395393635', '0', '0', '0', '0', '0', 'Lag001', '40_1', '0', '02', 1, '2019-07-17 19:29:53', '2019-07-17 19:29:53'),
(149, '6800012744', '0002', '1', 'NAP3', '11 12 13', '5000000', '149156339607609', '0', '0', '0', '0', '0', 'Lag001', '40_1', '0', '02', 1, '2019-07-17 19:41:16', '2019-07-17 19:41:16'),
(150, '6800012744', '0002', '1', 'NAP3', '11 12 13', '5000000', '17150616089', '0', '0', '0', '0', '0', 'Lag001', '40_1', '0', '02', 1, '2019-07-17 19:44:50', '2019-07-17 19:44:50'),
(151, '6800012744', '0002', '1', 'NAP3', '11 12 13', '5000000', '171517525', '0', '0', '0', '0', '0', 'Lag001', '40_1', '0', '02', 1, '2019-07-17 19:45:21', '2019-07-17 19:45:21'),
(152, '6800012744', '0001', '1', 'NAP2', '01 02 03', '5000', '171524753', '0', '0', '0', '0', '0', 'Lag001', '50_1', '0', 'Week', 1, '2019-07-17 19:50:54', '2019-07-17 19:50:54'),
(153, '6800012744', '0001', '1', 'GRP', '01 02 03#10 20 30#', '200', '171532185', '9', '22.22', '0', '0', '2', 'Lag001', '40_1', '0', 'Week', 1, '2019-07-17 20:00:58', '2019-07-17 20:00:58'),
(154, '6800012744', '100', '1', 'NAP3', '11 12 13', '5000000', '181542205', '0', '0', '0', '0', '0', 'Lag001', '40_1', '0', '03', 0, '2019-07-18 13:01:10', '2019-07-18 13:01:10'),
(155, '6800012744', '100', '1', 'NAP3', '11 12 13', '1000000', '181553809', '0', '0', '0', '0', '0', 'Lag001', '40_1', '0', '03', 0, '2019-07-18 13:01:24', '2019-07-18 13:01:24'),
(156, '6800012744', '100', '1', 'NAP3', '01 02 03', '5000', '181567017', '0', '0', '0', '0', '0', 'Lag001', '50_1', '0', 'Week', 0, '2019-07-18 13:01:56', '2019-07-18 13:01:56'),
(157, '6800012744', '100', '1', 'NAP3', '01 02 03', '4000', '181577191', '0', '0', '0', '0', '0', 'Lag001', '50_1', '0', 'Week', 0, '2019-07-18 13:02:09', '2019-07-18 13:02:09'),
(158, '6800012744', '100', '1', 'MidWkFri', '01 02 03', '5000', '181587266', '0', '0', '0', '0', '0', 'Lag001', 'MidWkFri', '0', 'Week', 0, '2019-07-18 13:02:26', '2019-07-18 13:02:26'),
(159, '6800012744', '100', '1', 'MidWkFri', '01 02 03', '6000', '181599114', '0', '0', '0', '0', '0', 'Lag001', 'MidWkFri', '0', 'Week', 0, '2019-07-18 13:02:32', '2019-07-18 13:02:32'),
(160, '6800012744', '100', '1', 'MidWkFri', '01 02 03', '6000', '181601496', '0', '0', '0', '0', '0', 'Lag001', 'MidWkFri', '0', 'Week', 0, '2019-07-18 19:14:09', '2019-07-18 19:14:09'),
(161, '6800012744', '5050', '1', 'NAP3', '11 12 13', '1000', '191612555', '0', '0', '0', '0', '0', 'Lag001', '40_1', '0', '03', 0, '2019-07-19 09:34:21', '2019-07-19 09:34:21'),
(162, '6800012744', '5050', '1', 'NAP3', '01 02 03', '4000', '191623818', '0', '0', '0', '0', '0', 'Lag001', '50_1', '0', 'Week', 0, '2019-07-19 09:36:07', '2019-07-19 09:36:07');

-- --------------------------------------------------------

--
-- Table structure for table `users`
--

CREATE TABLE `users` (
  `User_Id` bigint(20) UNSIGNED NOT NULL,
  `Last_Name` varchar(255) COLLATE utf8mb4_unicode_ci NOT NULL,
  `Other_Names` varchar(255) COLLATE utf8mb4_unicode_ci NOT NULL,
  `Agent_No` varchar(255) COLLATE utf8mb4_unicode_ci NOT NULL,
  `Branch` varchar(255) COLLATE utf8mb4_unicode_ci NOT NULL,
  `Role` varchar(255) COLLATE utf8mb4_unicode_ci NOT NULL,
  `Username` varchar(255) COLLATE utf8mb4_unicode_ci NOT NULL,
  `Status` varchar(100) COLLATE utf8mb4_unicode_ci NOT NULL DEFAULT 'Active',
  `Phone_Number` varchar(255) COLLATE utf8mb4_unicode_ci DEFAULT NULL,
  `Email` varchar(255) COLLATE utf8mb4_unicode_ci DEFAULT NULL,
  `Scope` varchar(255) COLLATE utf8mb4_unicode_ci NOT NULL,
  `Super_Agent` int(11) DEFAULT '0',
  `User_Type` varchar(100) COLLATE utf8mb4_unicode_ci DEFAULT NULL,
  `Last_Login` varchar(255) COLLATE utf8mb4_unicode_ci DEFAULT NULL,
  `email_verified_at` timestamp NULL DEFAULT NULL,
  `password` varchar(255) COLLATE utf8mb4_unicode_ci NOT NULL,
  `remember_token` varchar(100) COLLATE utf8mb4_unicode_ci DEFAULT NULL,
  `created_at` timestamp NULL DEFAULT NULL,
  `updated_at` timestamp NULL DEFAULT NULL
) ENGINE=InnoDB DEFAULT CHARSET=utf8mb4 COLLATE=utf8mb4_unicode_ci;

--
-- Dumping data for table `users`
--

INSERT INTO `users` (`User_Id`, `Last_Name`, `Other_Names`, `Agent_No`, `Branch`, `Role`, `Username`, `Status`, `Phone_Number`, `Email`, `Scope`, `Super_Agent`, `User_Type`, `Last_Login`, `email_verified_at`, `password`, `remember_token`, `created_at`, `updated_at`) VALUES
(2, 'Olaseyo', 'Olumide', '0001', '1', '6', 'Olaseyo', 'Active', NULL, NULL, '0', 9, 'Select Agent Type', NULL, NULL, '$2y$10$q1cOSVQgxsRXnkeEONdLU.4ABRPpQs3GccaIRDsloDfc5NCKlzwpa', NULL, '2019-07-03 06:19:01', '2019-07-17 01:04:28'),
(3, 'Akin', 'Made', '0002', '1', '1', 'Akin', 'Active', NULL, NULL, '1', 13, 'GOVERNMENT', NULL, NULL, '$2y$10$D6ISvMRNaxempZyzsdYCD.akzxeZjk2/SwAcSasWNIPEVpdPnvYWi', NULL, '2019-07-09 19:46:12', '2019-07-17 08:14:49'),
(4, 'John', 'Deo', '0003', '1', '1', 'john', 'Active', NULL, NULL, '1', 3, '', NULL, NULL, '$2y$10$88W2q35cBrWNDBH6LdrO9OPpMp.Ku8g5x8Uf.JntykJf6CIC6C5JW', NULL, '2019-07-12 20:16:58', '2019-07-12 20:16:58'),
(5, 'Bolu', 'Akingbesote', '0004', '1', '5', 'Bolu', 'Active', NULL, NULL, '1', 3, '', NULL, NULL, '$2y$10$PDjuu.1SQ4xiVXFwxBw03exT5JYf/AJTkP7w.1EX0AKYrSO9IHlEK', NULL, '2019-07-12 20:32:27', '2019-07-12 20:32:27'),
(8, 'Olumide', 'ola', '3030', '1', '6', 'lag/olu', 'Active', NULL, NULL, '2', 0, 'NON_GOVERNMENT', NULL, NULL, '$2y$10$8ZwM95o.TKo6vMXI2H4eNOmSUH5ypiOaxBZdRla2SlTLjM3oXdSF2', NULL, '2019-07-16 17:02:51', '2019-07-16 17:02:51'),
(9, 'Scalite Agent', 'Scalite', '3020', '5', '4', 'Scalite', 'Active', NULL, NULL, '3', 0, 'NON_GOVERNMENT', NULL, NULL, '$2y$10$7y827aBIcvDBTqfdO3JLLuFv811YrjHVFyruoPAOo/ZFTG2WhoUC6', NULL, '2019-07-16 17:04:57', '2019-07-16 17:04:57'),
(10, 'Mkay', 'Success', '2020', '1', '5', 'LAG/Mkay', 'Active', NULL, NULL, '2', 0, 'NON_GOVERNMENT', NULL, NULL, '$2y$10$jHfNo9.yILsk1AslLGklMuCi1B94XraHUElzmTWU905jwcLF5mpF6', NULL, '2019-07-16 22:53:05', '2019-07-16 22:53:05'),
(11, 'Rose', 'marry', '500', '8', '1', 'IMO/rose', 'Active', NULL, NULL, '2', 12, 'GOVERNMENT', NULL, NULL, '$2y$10$9WKonCz/jAH8F6fWEkjRN.jRjU.sUHLQ0yNF2GcwUsIJeB5tELzTm', NULL, '2019-07-16 23:58:42', '2019-07-17 01:40:58'),
(12, 'ebukaobi', 'obiza', '20202', '1', '4', 'lag/ebuka', 'Active', NULL, NULL, '2', 0, 'GOVERNMENT', NULL, NULL, '$2y$10$DgjqDORXx7k3XbuKLqr5Au1Teu6pc8bgf7ouhS3fuQU2z3J7tqMG.', NULL, '2019-07-17 00:17:02', '2019-07-17 00:17:02'),
(13, 'ify', 'ogbonna', '3050', '6', '4', 'LAG/Ify', 'Active', NULL, NULL, '2', 9, 'GOVERNMENT', NULL, NULL, '$2y$10$EPwdarahz.umUfX1u1SV9.ZTaQVybuRRnzbtIGVmYkYtBq/JFFuaG', NULL, '2019-07-17 00:24:32', '2019-07-17 02:00:33'),
(14, 'Sukanmi', 'Sukanmi', '900', '1', '1', 'LAG/Sukanmi', 'Active', NULL, NULL, '3', 0, 'NON_GOVERNMENT', NULL, NULL, '$2y$10$4zObju.7dgLSy5zILUBup.UTd2X49B0grskorJTFCqR8TvdKfIBPa', NULL, '2019-07-17 01:41:38', '2019-07-17 01:41:38'),
(15, 'Success', 'Success', '800', '1', '4', 'LAG/SUCCESS', 'Active', NULL, NULL, '0', 0, 'Select Agent Type', NULL, NULL, '$2y$10$hhkCwsmDPS8HhGuGUX/rkusyrnN7hPUBTaNocGTzE930Fb9EZR3xK', NULL, '2019-07-17 09:58:05', '2019-07-17 13:10:31'),
(16, 'MK', 'MK', '100', '1', '1', 'Lag/mK', 'Active', NULL, NULL, '0', 15, 'Select Agent Type', NULL, NULL, '$2y$10$PeL0C/ArQXGBfrzmWxlY3.xsnyK/SL0H1mAIED60imHNLwMqMAEDK', NULL, '2019-07-17 10:00:19', '2019-07-17 12:27:29'),
(18, 'SEUN', 'SEUN', '501', '9', '1', 'LAG/SEUN', 'Active', NULL, NULL, '2', 15, 'NON_GOVERNMENT', NULL, NULL, '$2y$10$pbqM67rE4iVl3.Ls2Fgkdufsg5qwMiHkrHfoOKWsSIOp9R6myu.h2', NULL, '2019-07-17 12:54:21', '2019-07-17 12:54:21'),
(19, 'Ahmed', 'Ahmed', '5050', '1', '4', 'lag/Ahmed', 'Active', NULL, NULL, '2', 15, 'NON_GOVERNMENT', NULL, NULL, '$2y$10$okxO5vHnXVBpFTlgBG4pnuSnjL9exmwQKhcgPCar/zFCNrCeXWEIO', NULL, '2019-07-17 13:04:58', '2019-07-17 13:04:58');

-- --------------------------------------------------------

--
-- Table structure for table `winners`
--

CREATE TABLE `winners` (
  `ID` bigint(20) UNSIGNED NOT NULL,
  `ReferenceNumber` varchar(255) COLLATE utf8mb4_unicode_ci DEFAULT NULL,
  `Amount` decimal(8,2) DEFAULT NULL,
  `TerminalID` varchar(255) COLLATE utf8mb4_unicode_ci DEFAULT NULL,
  `Description` varchar(255) COLLATE utf8mb4_unicode_ci DEFAULT NULL,
  `created_at` timestamp NULL DEFAULT NULL,
  `updated_at` timestamp NULL DEFAULT NULL
) ENGINE=InnoDB DEFAULT CHARSET=utf8mb4 COLLATE=utf8mb4_unicode_ci;

--
-- Indexes for dumped tables
--

--
-- Indexes for table `all_game_configurations`
--
ALTER TABLE `all_game_configurations`
  ADD PRIMARY KEY (`All_Config_Id`);

--
-- Indexes for table `branches`
--
ALTER TABLE `branches`
  ADD PRIMARY KEY (`Branch_Id`);

--
-- Indexes for table `game_configurations`
--
ALTER TABLE `game_configurations`
  ADD PRIMARY KEY (`Config_Id`);

--
-- Indexes for table `government_transactions`
--
ALTER TABLE `government_transactions`
  ADD PRIMARY KEY (`Transaction_Id`);

--
-- Indexes for table `migrations`
--
ALTER TABLE `migrations`
  ADD PRIMARY KEY (`id`);

--
-- Indexes for table `m_w_k_f_r_i_winners`
--
ALTER TABLE `m_w_k_f_r_i_winners`
  ADD PRIMARY KEY (`ID`);

--
-- Indexes for table `odd_settings`
--
ALTER TABLE `odd_settings`
  ADD PRIMARY KEY (`OddId`);

--
-- Indexes for table `password_resets`
--
ALTER TABLE `password_resets`
  ADD KEY `password_resets_email_index` (`email`);

--
-- Indexes for table `roles`
--
ALTER TABLE `roles`
  ADD PRIMARY KEY (`Role_Id`);

--
-- Indexes for table `system_settings`
--
ALTER TABLE `system_settings`
  ADD PRIMARY KEY (`Setting_Id`);

--
-- Indexes for table `transactions`
--
ALTER TABLE `transactions`
  ADD PRIMARY KEY (`Transaction_Id`);

--
-- Indexes for table `users`
--
ALTER TABLE `users`
  ADD PRIMARY KEY (`User_Id`);

--
-- Indexes for table `winners`
--
ALTER TABLE `winners`
  ADD PRIMARY KEY (`ID`);

--
-- AUTO_INCREMENT for dumped tables
--

--
-- AUTO_INCREMENT for table `all_game_configurations`
--
ALTER TABLE `all_game_configurations`
  MODIFY `All_Config_Id` bigint(20) UNSIGNED NOT NULL AUTO_INCREMENT, AUTO_INCREMENT=3;

--
-- AUTO_INCREMENT for table `branches`
--
ALTER TABLE `branches`
  MODIFY `Branch_Id` bigint(20) UNSIGNED NOT NULL AUTO_INCREMENT, AUTO_INCREMENT=10;

--
-- AUTO_INCREMENT for table `game_configurations`
--
ALTER TABLE `game_configurations`
  MODIFY `Config_Id` bigint(20) UNSIGNED NOT NULL AUTO_INCREMENT, AUTO_INCREMENT=19;

--
-- AUTO_INCREMENT for table `government_transactions`
--
ALTER TABLE `government_transactions`
  MODIFY `Transaction_Id` bigint(20) UNSIGNED NOT NULL AUTO_INCREMENT, AUTO_INCREMENT=50;

--
-- AUTO_INCREMENT for table `migrations`
--
ALTER TABLE `migrations`
  MODIFY `id` int(10) UNSIGNED NOT NULL AUTO_INCREMENT, AUTO_INCREMENT=20;

--
-- AUTO_INCREMENT for table `m_w_k_f_r_i_winners`
--
ALTER TABLE `m_w_k_f_r_i_winners`
  MODIFY `ID` bigint(20) UNSIGNED NOT NULL AUTO_INCREMENT;

--
-- AUTO_INCREMENT for table `odd_settings`
--
ALTER TABLE `odd_settings`
  MODIFY `OddId` bigint(20) UNSIGNED NOT NULL AUTO_INCREMENT, AUTO_INCREMENT=4;

--
-- AUTO_INCREMENT for table `roles`
--
ALTER TABLE `roles`
  MODIFY `Role_Id` bigint(20) UNSIGNED NOT NULL AUTO_INCREMENT, AUTO_INCREMENT=7;

--
-- AUTO_INCREMENT for table `system_settings`
--
ALTER TABLE `system_settings`
  MODIFY `Setting_Id` bigint(20) UNSIGNED NOT NULL AUTO_INCREMENT, AUTO_INCREMENT=2;

--
-- AUTO_INCREMENT for table `transactions`
--
ALTER TABLE `transactions`
  MODIFY `Transaction_Id` bigint(20) UNSIGNED NOT NULL AUTO_INCREMENT, AUTO_INCREMENT=163;

--
-- AUTO_INCREMENT for table `users`
--
ALTER TABLE `users`
  MODIFY `User_Id` bigint(20) UNSIGNED NOT NULL AUTO_INCREMENT, AUTO_INCREMENT=20;

--
-- AUTO_INCREMENT for table `winners`
--
ALTER TABLE `winners`
  MODIFY `ID` bigint(20) UNSIGNED NOT NULL AUTO_INCREMENT;
